code,tm,signal_name,period,chg_pct_4,chg_pct_8,chg_pct_16,chg_pct_20,chg_pct_24
600703.XSHG,2018-01-02 10:30:00,Gold,60m,0.0406602254428,0.0446859903382,-0.0024154589372,-0.000402576489533,-0.00281803542673
002028.XSHE,2018-01-02 10:30:00,BottomDivergence,60m,-0.00553846153846,-0.00430769230769,0.0123076923077,-0.00123076923077,-0.016
002028.XSHE,2018-01-02 10:30:00,Gold,60m,-0.00553846153846,-0.00430769230769,0.0123076923077,-0.00123076923077,-0.016
000651.XSHE,2018-01-02 10:30:00,Gold,60m,0.0243902439024,0.030155210643,0.0822616407982,0.0831485587583,0.146341463415
002415.XSHE,2018-01-02 11:30:00,BottomDivergence,60m,0.0189364461738,0.0316472114137,0.032944228275,0.0536964980545,0.0505836575875
002415.XSHE,2018-01-02 11:30:00,Gold,60m,0.0189364461738,0.0316472114137,0.032944228275,0.0536964980545,0.0505836575875
601398.XSHG,2018-01-03 14:00:00,Death,60m,-0.0152284263959,-0.0135363790186,-0.0135363790186,-0.00169204737733,0.00507614213198
002236.XSHE,2018-01-05 15:00:00,Death,60m,0.0229636048527,0.0242634315425,0.0493934142114,0.00953206239168,0.0155979202773
002415.XSHE,2018-01-05 15:00:00,Death,60m,0.00374812593703,0.0314842578711,0.0352323838081,0.0567216391804,0.0669665167416
002415.XSHE,2018-01-08 10:30:00,Gold,60m,0.0112191473448,0.0261780104712,0.0428820742957,0.0575916230366,0.0698080279232
600703.XSHG,2018-01-08 11:30:00,Death,60m,0.029304029304,0.004884004884,-0.002442002442,-0.049654049654,-0.113553113553
002466.XSHE,2018-01-09 11:30:00,Death,60m,-0.0397697540555,-0.0320948892377,-0.129949415664,-0.119483690912,-0.125239839526
002028.XSHE,2018-01-09 11:30:00,Death,60m,-0.01789019124,-0.0166563849476,-0.0888340530537,-0.0906847624923,-0.0882171499075
601398.XSHG,2018-01-10 11:30:00,Gold,60m,0.0119250425894,0.0204429301533,0.0528109028961,0.0971039182283,0.132879045997
600085.XSHG,2018-01-10 14:00:00,Death,60m,0.00484261501211,-0.00393462469734,0.00544794188862,0.0157384987893,0.0242130750605
600703.XSHG,2018-01-11 11:30:00,Gold,60m,-0.0308422301305,-0.0767101621194,-0.106761565836,-0.111111111111,-0.115460656386
002236.XSHE,2018-01-11 15:00:00,Gold,60m,-0.037985136251,-0.0322047894302,-0.0338563170933,-0.00908340214699,0.0635838150289
600703.XSHG,2018-01-12 11:30:00,Death,60m,-0.047327621379,-0.111383108935,-0.0828233374133,-0.0873113015096,-0.0342717258262
002236.XSHE,2018-01-15 10:30:00,Death,60m,0.0229735587343,-0.0169050715215,0.0437798006068,0.144343302991,0.132639791938
300187.XSHE,2018-01-15 10:30:00,Death,60m,-0.00667302192564,-0.00190657769304,0.0352716873213,0.0743565300286,0.0581506196378
002415.XSHE,2018-01-16 15:00:00,Death,60m,0.0134764162715,0.00424257549289,0.0424257549289,0.0389318692288,0.0249563264287
600085.XSHG,2018-01-16 15:00:00,Gold,60m,-0.00238024397501,0.0101160368938,0.0226123177626,0.0205296042844,0.0211246652782
000651.XSHE,2018-01-17 10:30:00,Death,60m,-0.0051763803681,-0.00268404907975,0.0663343558282,0.0640337423313,0.0694018404908
300187.XSHE,2018-01-17 14:00:00,Gold,60m,-0.0232974910394,-0.0089605734767,-0.0089605734767,-0.00448028673835,-0.0134408602151
002466.XSHE,2018-01-18 11:30:00,BottomDivergence,60m,-0.000988728495155,0.00158196559225,0.00968953925252,0.0268934150682,-0.00790982796124
002466.XSHE,2018-01-18 11:30:00,Gold,60m,-0.000988728495155,0.00158196559225,0.00968953925252,0.0268934150682,-0.00790982796124
600703.XSHG,2018-01-18 14:00:00,Gold,60m,0.00177856825256,0.0595820364606,0.0844819919964,0.0773677189862,0.0933748332592
002236.XSHE,2018-01-18 15:00:00,BottomDivergence,60m,0.0733333333333,0.0766666666667,0.05375,0.0754166666667,0.0466666666667
002236.XSHE,2018-01-18 15:00:00,Gold,60m,0.0733333333333,0.0766666666667,0.05375,0.0754166666667,0.0466666666667
002028.XSHE,2018-01-18 15:00:00,Gold,60m,-0.00892857142857,0.032967032967,0.0281593406593,0.0240384615385,0.0171703296703
000651.XSHE,2018-01-22 14:00:00,Gold,60m,0.00335689045936,-0.0137809187279,0.0139575971731,-0.0146643109541,-0.0397526501767
002415.XSHE,2018-01-22 15:00:00,Gold,60m,-0.00335168781422,-0.0167584390711,-0.0531481924826,-0.0541058175724,-0.0596121618386
300187.XSHE,2018-01-24 10:30:00,Death,60m,0.0192837465565,0.0,-0.0321395775941,-0.0523415977961,-0.0550964187328
002415.XSHE,2018-01-24 15:00:00,Death,60m,-0.0146092037984,-0.0370099829559,-0.0435841246652,-0.0267835402971,-0.0343316289262
601398.XSHG,2018-01-24 15:00:00,Death,60m,0.0291545189504,0.0626822157434,0.00874635568513,0.0553935860058,0.0583090379009
600085.XSHG,2018-01-24 15:00:00,Death,60m,-0.0113636363636,-0.0034965034965,-0.0244755244755,-0.039627039627,-0.0291375291375
002236.XSHE,2018-01-25 10:30:00,Death,60m,0.0137524557957,-0.041257367387,0.0314341846758,0.0133595284872,0.0385068762279
000651.XSHE,2018-01-25 10:30:00,Death,60m,0.0181068483327,0.00304768734313,-0.00717102904267,-0.0249193259233,-0.0184653997849
002466.XSHE,2018-01-26 14:00:00,Death,60m,-0.00199840127898,0.0553557154277,0.0411670663469,0.0385691446843,-0.00219824140687
000651.XSHE,2018-01-26 14:00:00,Gold,60m,-0.0282279142708,-0.0529709008538,-0.0311901028054,-0.0331068130336,-0.0590695243074
600703.XSHG,2018-01-29 10:30:00,Death,60m,0.0182384341637,0.0155693950178,0.0235765124555,0.0124555160142,-0.0751779359431
000651.XSHE,2018-01-29 11:30:00,Death,60m,-0.0104977375566,0.0135746606335,-0.00995475113122,-0.0197285067873,-0.0407239819005
002028.XSHE,2018-01-29 14:00:00,Death,60m,0.0192837465565,0.0206611570248,0.0185950413223,0.0488980716253,0.0275482093664
002466.XSHE,2018-01-30 10:30:00,Gold,60m,0.00229051345677,-0.00515365527772,-0.0356938347013,-0.0484825348349,-0.05191830502
002028.XSHE,2018-01-30 15:00:00,Gold,60m,-0.0195154777927,-0.021534320323,0.0228802153432,-0.00134589502019,0.0195154777927
002236.XSHE,2018-01-31 10:30:00,Gold,60m,-0.0175238095238,0.00685714285714,-0.0312380952381,-0.04,-0.0529523809524
002415.XSHE,2018-02-01 10:30:00,Gold,60m,-0.0025354969574,-0.0116632860041,-0.0760649087221,-0.065415821501,-0.0661764705882
002028.XSHE,2018-02-01 10:30:00,Death,60m,-0.00135593220339,0.0250847457627,0.0162711864407,0.0338983050847,0.0271186440678
002236.XSHE,2018-02-01 11:30:00,Death,60m,0.00574712643678,0.0409961685824,-0.039846743295,-0.0406130268199,-0.0804597701149
601398.XSHG,2018-02-01 11:30:00,Gold,60m,-0.00414937759336,0.0207468879668,-0.0553250345781,-0.106500691563,-0.135546334716
002028.XSHE,2018-02-01 14:00:00,Gold,60m,-0.000675675675676,0.0290540540541,0.0148648648649,0.0358108108108,0.0418918918919
600703.XSHG,2018-02-02 10:30:00,BottomDivergence,60m,-0.0108648413733,-0.096479791395,-0.0569317687962,-0.0160799652325,0.0165145588874
600703.XSHG,2018-02-02 10:30:00,Gold,60m,-0.0108648413733,-0.096479791395,-0.0569317687962,-0.0160799652325,0.0165145588874
002236.XSHE,2018-02-02 10:30:00,Gold,60m,0.0249716231555,-0.0378357926599,-0.059402194476,-0.0843738176315,-0.0276201286417
002028.XSHE,2018-02-02 10:30:00,Death,60m,0.0264765784114,0.0291921249151,0.0353021045485,0.0285132382892,0.0624575695859
002466.XSHE,2018-02-02 14:00:00,Death,60m,-0.039253415432,-0.0519530498364,-0.00327111795267,0.0138541466231,0.115451221859
002028.XSHE,2018-02-05 11:30:00,Gold,60m,-0.00988793671721,-0.0204350692156,0.00263678312459,0.0441661173368,0.0408701384311
300187.XSHE,2018-02-05 11:30:00,Gold,60m,-0.0148367952522,-0.0296735905045,-0.0365974282888,-0.00890207715134,0.000989119683482
002415.XSHE,2018-02-05 14:00:00,Death,60m,-0.0607318972229,-0.0669608097586,-0.0420451596159,-0.00181676615624,0.00622891253569
600703.XSHG,2018-02-05 15:00:00,Death,60m,-0.0315691736305,0.00278551532033,0.0561745589601,0.0988857938719,0.0868152274838
002236.XSHE,2018-02-06 10:30:00,Death,60m,-0.00904443570586,-0.0224144710971,0.010617381046,0.0326386158081,0.0153362170665
601398.XSHG,2018-02-06 11:30:00,Death,60m,-0.0527045769764,-0.104022191401,-0.126213592233,-0.0984743411928,-0.0873786407767
300187.XSHE,2018-02-06 11:30:00,Death,60m,-0.0150602409639,0.00502008032129,0.00602409638554,0.0160642570281,0.0100401606426
300187.XSHE,2018-02-06 14:00:00,Gold,60m,0.00929752066116,0.0330578512397,0.0413223140496,0.0402892561983,0.0402892561983
300187.XSHE,2018-02-06 15:00:00,Death,60m,0.0121334681496,-0.00505561172902,0.0222446916077,0.0202224469161,0.0242669362993
002028.XSHE,2018-02-07 14:00:00,Death,60m,0.0206391478029,0.0266311584554,0.0752330226365,0.0725699067909,0.0619174434088
300187.XSHE,2018-02-07 15:00:00,Gold,60m,-0.016983016983,-0.002997002997,0.00799200799201,0.011988011988,0.023976023976
002466.XSHE,2018-02-08 10:30:00,Gold,60m,0.0311653116531,0.104916763453,0.123499806427,0.163956639566,0.116531165312
002028.XSHE,2018-02-08 10:30:00,Gold,60m,-0.00655737704918,0.0262295081967,0.0531147540984,0.0452459016393,0.0367213114754
600085.XSHG,2018-02-08 10:30:00,BottomDivergence,60m,-0.041150990099,-0.0133044554455,-0.0163985148515,0.00123762376238,0.00804455445545
600085.XSHG,2018-02-08 10:30:00,Gold,60m,-0.041150990099,-0.0133044554455,-0.0163985148515,0.00123762376238,0.00804455445545
600703.XSHG,2018-02-08 11:30:00,BottomDivergence,60m,0.0280717901519,0.0777726645191,0.0828347906121,0.111826967326,0.0961803957662
600703.XSHG,2018-02-08 11:30:00,Gold,60m,0.0280717901519,0.0777726645191,0.0828347906121,0.111826967326,0.0961803957662
002415.XSHE,2018-02-08 14:00:00,Gold,60m,-0.0291951604419,0.0115728563914,0.0249868490268,0.0512887953709,0.0647027880063
600085.XSHG,2018-02-09 10:30:00,Death,60m,0.0290416263311,0.0358180058083,0.0442078089706,0.0513068731849,0.0500161342369
002236.XSHE,2018-02-12 11:30:00,Gold,60m,0.0108949416342,0.00933852140078,0.0178988326848,0.124513618677,0.11906614786
600085.XSHG,2018-02-12 11:30:00,Gold,60m,0.000941619585687,-0.00125549278092,0.0194601381042,0.0241682360326,0.019146264909
000651.XSHE,2018-02-12 11:30:00,Gold,60m,0.0205905205905,0.0487567987568,0.0510878010878,0.0578865578866,0.0151515151515
601398.XSHG,2018-02-13 11:30:00,Gold,60m,0.0123076923077,0.0338461538462,0.0384615384615,-0.00153846153846,-0.00769230769231
002028.XSHE,2018-02-22 14:00:00,Death,60m,-0.00626959247649,-0.00626959247649,0.0382445141066,0.0489028213166,0.0764890282132
002466.XSHE,2018-02-23 10:30:00,Death,60m,0.0624133148405,0.0244452149792,0.108009708738,0.0863384188627,0.0674410540915
600703.XSHG,2018-02-23 14:00:00,Death,60m,0.0377675199329,0.0549727234578,0.0776332354175,0.0486781368023,0.05749055812
600703.XSHG,2018-02-26 10:30:00,Gold,60m,-0.00158353127474,0.0122723673793,-0.0134600158353,-0.0027711797308,0.0387965162312
002466.XSHE,2018-02-26 11:30:00,Gold,60m,-0.0327278677794,0.0134184257896,0.0109638357061,-0.00360006545574,-0.00703649157257
002466.XSHE,2018-02-26 15:00:00,Death,60m,-0.000835701153268,0.0481363864282,0.0310880829016,0.021728229985,0.000334280461307
000651.XSHE,2018-02-27 10:30:00,Death,60m,-0.0151602379582,-0.00537324889656,-0.00498944540395,-0.020725388601,-0.0032623296872
601398.XSHG,2018-02-27 11:30:00,Death,60m,-0.00616332819723,-0.0138674884438,-0.0277349768875,-0.0215716486903,-0.0154083204931
002028.XSHE,2018-02-27 14:00:00,Gold,60m,-0.00480769230769,0.00540865384615,0.0384615384615,0.0210336538462,0.0270432692308
600085.XSHG,2018-02-28 10:30:00,Death,60m,0.00156152404747,-0.00749531542786,0.000936914428482,0.00999375390381,0.0437226733292
002415.XSHE,2018-02-28 11:30:00,Death,60m,0.0345731998093,0.0104911778732,0.00834525512637,-0.00786838340486,-0.0035765379113
300187.XSHE,2018-02-28 14:00:00,Death,60m,0.0143266475645,0.0,-0.00191021967526,0.000955109837631,0.0191021967526
600703.XSHG,2018-03-01 10:30:00,Death,60m,-0.0356037151703,-0.0251547987616,0.00812693498452,-0.0193498452012,0.0243808049536
002466.XSHE,2018-03-01 10:30:00,Gold,60m,-0.0195587544985,-0.0366139884212,-0.0444374902206,-0.0821467688938,-0.0710373963386
002415.XSHE,2018-03-01 11:30:00,Gold,60m,-0.0232772528232,-0.0262733348698,-0.0410232772528,-0.0368748559576,0.00207421064761
002236.XSHE,2018-03-02 10:30:00,Death,60m,-0.0181754631248,0.00838867528836,-0.0265641384131,0.00978678783642,0.0325061167424
002415.XSHE,2018-03-02 11:30:00,Death,60m,-0.00306748466258,-0.00212364322794,-0.0139216611609,0.0259556394526,0.0195847097688
002466.XSHE,2018-03-02 14:00:00,Death,60m,0.00837575956643,0.00213499753654,-0.0312038101494,-0.0152734439153,0.0381014944983
000651.XSHE,2018-03-02 15:00:00,Gold,60m,-0.0235294117647,0.00675024108004,0.0210221793635,0.0270009643202,0.0270009643202
000651.XSHE,2018-03-05 15:00:00,Death,60m,0.0310092830338,0.0213312265455,0.0517479755086,0.0517479755086,0.0426624530911
600703.XSHG,2018-03-06 11:30:00,Gold,60m,-0.00154142581888,-0.0208092485549,0.0327552986513,0.0161849710983,0.00269749518304
002028.XSHE,2018-03-06 11:30:00,Death,60m,0.0105882352941,0.0,0.00117647058824,-0.0247058823529,-0.0211764705882
600085.XSHG,2018-03-06 11:30:00,BottomDivergence,60m,0.00715619166148,0.037025513379,0.0395146235221,0.0348475420037,0.0152457996266
600085.XSHG,2018-03-06 11:30:00,Gold,60m,0.00715619166148,0.037025513379,0.0395146235221,0.0348475420037,0.0152457996266
601398.XSHG,2018-03-06 14:00:00,Gold,60m,0.016,0.0048,-0.0032,-0.0032,-0.0128
601398.XSHG,2018-03-06 15:00:00,Death,60m,-0.0202492211838,-0.0233644859813,-0.0249221183801,-0.0404984423676,-0.0389408099688
000651.XSHE,2018-03-06 15:00:00,Gold,60m,-0.00938697318008,0.0141762452107,0.0201149425287,0.0113026819923,0.0245210727969
601398.XSHG,2018-03-07 10:30:00,Gold,60m,-0.0140186915888,-0.0233644859813,-0.0295950155763,-0.0420560747664,-0.0373831775701
600703.XSHG,2018-03-07 15:00:00,Death,60m,0.0355731225296,0.0814229249012,0.0272727272727,0.0225296442688,0.0221343873518
000006.XSHE,2018-03-08 11:30:00,Death,60m,-0.0325203252033,-0.0209059233449,-0.0580720092915,-0.102206736353,-0.0998838559814
300187.XSHE,2018-03-08 15:00:00,Gold,60m,0.00940733772342,0.00846660395108,-0.0235183443086,-0.0338664158043,-0.0244590780809
600703.XSHG,2018-03-09 11:30:00,Gold,60m,0.00600600600601,-0.0101351351351,-0.0289039039039,-0.0476726726727,-0.039039039039
002236.XSHE,2018-03-09 11:30:00,Gold,60m,0.00782046922815,-0.0173410404624,-0.0506630397824,-0.0795647738864,-0.0836450187011
002415.XSHE,2018-03-09 14:00:00,Gold,60m,0.00347141865309,-0.00439713029391,-0.0148113862532,-0.0476741495024,-0.029159916686
002466.XSHE,2018-03-12 10:30:00,Gold,60m,0.000640614990391,0.0253042921204,-0.00400384368994,-0.00992953235106,-0.0339525944907
601398.XSHG,2018-03-12 15:00:00,Death,60m,-0.0159744408946,-0.0143769968051,-0.0319488817891,-0.0111821086262,-0.00159744408946
600085.XSHG,2018-03-13 11:30:00,Death,60m,-0.0189416716777,-0.0171377029465,0.0105231509321,0.0294648226097,0.0123271196633
600703.XSHG,2018-03-13 14:00:00,Death,60m,-0.0170454545455,-0.0121212121212,-0.0306818181818,-0.00719696969697,-0.00909090909091
601398.XSHG,2018-03-13 14:00:00,Gold,60m,-0.00963081861958,-0.00642054574639,-0.0144462279294,0.00321027287319,-0.00321027287319
002236.XSHE,2018-03-13 15:00:00,Death,60m,-0.00281789362452,-0.0299401197605,-0.070799577316,-0.0278266995421,-0.0700951039098
300187.XSHE,2018-03-13 15:00:00,Death,60m,-0.00954198473282,-0.0200381679389,-0.0419847328244,-0.0314885496183,-0.043893129771
002415.XSHE,2018-03-14 10:30:00,Death,60m,0.0102089268756,-0.00783475783476,-0.00403608736942,0.0375118708452,0.0275403608737
601398.XSHG,2018-03-14 10:30:00,Death,60m,0.00487804878049,-0.00162601626016,0.00975609756098,0.0146341463415,-0.00325203252033
000651.XSHE,2018-03-14 10:30:00,Death,60m,0.028209556707,0.0293609671848,-0.00287852619459,-0.00153521397045,-0.0378046440223
002466.XSHE,2018-03-15 10:30:00,Death,60m,0.00614787251254,0.000161786118751,-0.0265329234752,-0.0556544248503,-0.122148519657
601398.XSHG,2018-03-15 14:00:00,Gold,60m,-0.0145395799677,-0.00807754442649,0.0032310177706,0.0,-0.0258481421648
000651.XSHE,2018-03-15 14:00:00,Gold,60m,-0.0094830792116,-0.0158051320193,-0.0373744886575,-0.0728895500186,-0.0916697657122
600085.XSHG,2018-03-16 14:00:00,Gold,60m,0.0177603853101,0.0243829018663,0.00993377483444,-0.00270921131848,0.0156532209512
601398.XSHG,2018-03-16 15:00:00,Death,60m,0.0214521452145,0.0313531353135,-0.0115511551155,-0.0313531353135,-0.0528052805281
000651.XSHE,2018-03-19 10:30:00,Death,60m,-0.0123550655769,-0.0110245200532,-0.087245770766,-0.0956091997719,-0.0845846797187
002028.XSHE,2018-03-19 11:30:00,Gold,60m,0.0136815920398,0.0174129353234,-0.0136815920398,-0.00621890547264,0.0068407960199
002028.XSHE,2018-03-19 14:00:00,Death,60m,0.0254658385093,0.00372670807453,-0.0211180124224,-0.00496894409938,0.00186335403727
601398.XSHG,2018-03-19 15:00:00,Gold,60m,0.00969305331179,-0.0032310177706,-0.0516962843296,-0.0726978998384,-0.064620355412
300187.XSHE,2018-03-19 15:00:00,Gold,60m,0.0109561752988,-0.00199203187251,-0.0906374501992,-0.054780876494,-0.0338645418327
300187.XSHE,2018-03-20 10:30:00,Death,60m,0.00796019900498,-0.00199004975124,-0.0985074626866,-0.0507462686567,-0.0338308457711
000006.XSHE,2018-03-20 11:30:00,Gold,60m,0.00653594771242,-0.0078431372549,-0.0993464052288,-0.078431372549,-0.0732026143791
002028.XSHE,2018-03-20 14:00:00,Gold,60m,-0.0211992731678,-0.0145366444579,-0.0296789824349,-0.023016353725,-0.0345245305875
600703.XSHG,2018-03-20 15:00:00,Gold,60m,-0.037743042318,-0.072817384674,-0.0526115135341,-0.0548989706443,-0.162028211971
002236.XSHE,2018-03-21 10:30:00,Gold,60m,-0.0406767458603,-0.115190784737,-0.053275737941,-0.0691144708423,-0.103671706263
002415.XSHE,2018-03-21 10:30:00,Gold,60m,-0.00961098398169,-0.066590389016,-0.0171624713959,-0.0464530892449,-0.0743707093822
600085.XSHG,2018-03-21 15:00:00,Death,60m,-0.0113738401676,-0.0107752170009,0.0188566297516,-0.0179586950015,0.0128703980844
600703.XSHG,2018-03-22 11:30:00,Death,60m,-0.0631825273011,-0.0577223088924,-0.0452418096724,-0.110374414977,-0.0978939157566
601398.XSHG,2018-03-22 14:00:00,Death,60m,-0.0258481421648,-0.0694668820679,-0.0726978998384,-0.0581583198708,-0.0581583198708
300187.XSHE,2018-03-22 14:00:00,Gold,60m,-0.0697906281157,-0.0677966101695,-0.0448654037886,-0.0428713858425,-0.0408773678963
002236.XSHE,2018-03-22 15:00:00,Death,60m,-0.00119664938173,0.0542481053051,-0.0103709613083,0.0279218189071,-0.0323095333067
601398.XSHG,2018-03-22 15:00:00,Gold,60m,-0.0200333889816,-0.0417362270451,-0.0484140233723,-0.025041736227,-0.0333889816361
002415.XSHE,2018-03-23 10:30:00,Death,60m,0.00956116695268,0.0529541554303,-0.00833537631772,0.0102966413337,-0.00637411130179
601398.XSHG,2018-03-23 10:30:00,Death,60m,-0.0301507537688,-0.0435510887772,-0.0335008375209,-0.0234505862647,-0.0402010050251
300187.XSHE,2018-03-23 10:30:00,Death,60m,-0.0630816959669,-0.0134436401241,-0.0113753877973,-0.00723888314374,0.00206825232678
002028.XSHE,2018-03-23 11:30:00,Death,60m,0.00756620428752,0.0208070617907,0.0176544766709,0.015762925599,0.0365699873897
000006.XSHE,2018-03-23 14:00:00,Death,60m,0.00430416068867,0.0172166427547,0.0459110473458,0.0286944045911,0.0114777618364
002236.XSHE,2018-03-26 15:00:00,Gold,60m,0.00416193719258,-0.061293984109,-0.0821036700719,-0.0874006810443,-0.0938327657964
002466.XSHE,2018-03-27 10:30:00,Gold,60m,-0.00238744884038,-0.0202933151432,-0.012619372442,-0.0405866302865,-0.0509890859482
002415.XSHE,2018-03-27 10:30:00,Gold,60m,-0.0298020954598,-0.058207217695,-0.0563445867288,-0.0605355064028,-0.0419091967404
002028.XSHE,2018-03-27 10:30:00,BottomDivergence,60m,-0.00925354719309,-0.00925354719309,0.00616903146206,0.00801974090068,0.0271437384331
002028.XSHE,2018-03-27 10:30:00,Gold,60m,-0.00925354719309,-0.00925354719309,0.00616903146206,0.00801974090068,0.0271437384331
600085.XSHG,2018-03-27 10:30:00,Gold,60m,-0.00526932084309,-0.0348360655738,-0.00263466042155,0.0281030444965,0.102166276347
600703.XSHG,2018-03-27 11:30:00,Gold,60m,-0.0289567631892,-0.0952003173344,-0.0472034906783,-0.102340341134,-0.124950416501
000006.XSHE,2018-03-27 14:00:00,Gold,60m,-0.0098730606488,0.0282087447109,-0.00564174894217,-0.0296191819464,-0.0211565585331
300187.XSHE,2018-03-27 14:00:00,Gold,60m,0.00736067297581,0.00946372239748,0.0157728706625,-0.00420609884332,-0.0231335436383
002415.XSHE,2018-03-28 14:00:00,Death,60m,-0.0129995185364,-0.0175734232065,-0.0173326913818,-0.0223880597015,-0.0320173326914
600703.XSHG,2018-03-29 10:30:00,Death,60m,0.00438212094654,0.0503943908852,-0.0254163014899,-0.0337423312883,-0.0534618755478
600085.XSHG,2018-03-29 10:30:00,Death,60m,0.0342735820443,0.0333636639369,0.14194722475,0.12101910828,0.104943888383
002236.XSHE,2018-03-29 11:30:00,Death,60m,0.00434439178515,-0.0521327014218,-0.0592417061611,-0.042654028436,-0.0110584518167
601398.XSHG,2018-03-29 11:30:00,Gold,60m,0.00343642611684,-0.0171821305842,-0.0274914089347,-0.0378006872852,-0.0085910652921
000651.XSHE,2018-03-29 15:00:00,Gold,60m,0.000424899086467,-0.0261312938177,-0.0246441470151,-0.00424899086467,0.0276184406204
002236.XSHE,2018-03-30 10:30:00,Gold,60m,-0.0525069088038,-0.0485590209238,-0.0450059218318,-0.011448874852,-0.00671140939597
600085.XSHG,2018-03-30 11:30:00,Gold,60m,-0.00437700612781,0.0239276334987,0.071199299679,0.0627370878319,0.0817041143858
600703.XSHG,2018-04-02 10:30:00,Gold,60m,-0.0371297455152,-0.0721735502712,-0.09887359199,-0.0425531914894,-0.0796829370046
002236.XSHE,2018-04-02 10:30:00,Death,60m,0.00416666666667,-0.0108333333333,0.0433333333333,0.0483333333333,0.0395833333333
002466.XSHE,2018-04-03 10:30:00,Death,60m,-0.0108425168859,-0.0255954496978,-0.00835407038749,-0.0316388197654,-0.0652328474938
601398.XSHG,2018-04-03 10:30:00,Death,60m,0.00532859680284,0.0,0.0692717584369,0.044404973357,0.0284191829485
000006.XSHE,2018-04-03 11:30:00,Death,60m,0.0102040816327,0.0174927113703,0.0379008746356,0.0131195335277,0.033527696793
002415.XSHE,2018-04-03 15:00:00,Gold,60m,-0.00443458980044,0.000985464400099,0.0169992609017,0.0125646711013,0.0142892338014
300187.XSHE,2018-04-03 15:00:00,Death,60m,-0.117212249208,-0.205913410771,-0.356916578669,-0.421330517423,-0.473072861668
600703.XSHG,2018-04-04 10:30:00,Death,60m,-0.00854316546763,-0.0287769784173,-0.00809352517986,-0.00989208633094,-0.00989208633094
000006.XSHE,2018-04-04 11:30:00,Gold,60m,0.00721500721501,0.012987012987,0.002886002886,0.023088023088,0.00865800865801
601398.XSHG,2018-04-04 14:00:00,Gold,60m,-0.00355239786856,0.0408525754885,0.0337477797513,0.0248667850799,-0.0088809946714
000006.XSHE,2018-04-09 10:30:00,Death,60m,0.0115942028986,0.031884057971,0.0202898550725,0.0173913043478,0.0101449275362
002236.XSHE,2018-04-09 10:30:00,BottomDivergence,60m,0.0351384869781,0.0400992145515,0.0305911533692,0.0210830921869,-0.0471269119471
002236.XSHE,2018-04-09 10:30:00,Gold,60m,0.0351384869781,0.0400992145515,0.0305911533692,0.0210830921869,-0.0471269119471
000006.XSHE,2018-04-09 14:00:00,Gold,60m,0.0157593123209,0.0114613180516,0.0143266475645,0.00573065902579,-0.0186246418338
002028.XSHE,2018-04-10 10:30:00,Death,60m,0.00485142510613,0.00363856882959,0.000606428138266,-0.00303214069133,0.00242571255306
002466.XSHE,2018-04-10 14:00:00,Gold,60m,-0.00663201290554,-0.0347732568561,-0.0505466929557,-0.0842444882595,-0.0693672701201
600085.XSHG,2018-04-10 14:00:00,Death,60m,0.00431848852901,0.00566801619433,-0.00755735492578,-0.00971659919028,-0.0512820512821
600703.XSHG,2018-04-11 10:30:00,Gold,60m,-0.038779956427,-0.040522875817,-0.0457516339869,-0.0771241830065,-0.0100217864924
600085.XSHG,2018-04-11 11:30:00,Gold,60m,-0.00620447801457,-0.0124089560291,-0.00674399784192,-0.0585379012679,-0.0561100620448
600085.XSHG,2018-04-11 14:00:00,Death,60m,0.00134372480516,-0.0204246170384,-0.0139747379737,-0.0553614619726,-0.0647675356087
000006.XSHE,2018-04-12 15:00:00,Death,60m,0.0,-0.0127478753541,-0.0155807365439,-0.0311614730878,-0.0439093484419
002466.XSHE,2018-04-12 15:00:00,Death,60m,-0.00467202392076,-0.0227994767333,-0.022051952906,-0.0259764529994,-0.0272846196973
002415.XSHE,2018-04-12 15:00:00,Death,60m,0.00170316301703,-0.0817518248175,-0.0537712895377,-0.054501216545,-0.0627737226277
000006.XSHE,2018-04-13 10:30:00,Gold,60m,-0.00284090909091,-0.00994318181818,-0.0127840909091,-0.0241477272727,-0.0440340909091
601398.XSHG,2018-04-13 11:30:00,Death,60m,-0.0363951473137,-0.0311958405546,-0.0173310225303,-0.0294627383016,-0.0051993067591
000651.XSHE,2018-04-13 15:00:00,Death,60m,-0.0240323266695,-0.0391322841344,0.0380689068481,0.0444491705657,0.0754997873245
002236.XSHE,2018-04-16 11:30:00,Death,60m,-0.0565040650407,-0.0849593495935,-0.0654471544715,-0.0727642276423,-0.0471544715447
000006.XSHE,2018-04-17 11:30:00,Death,60m,0.0014450867052,0.00433526011561,-0.0346820809249,0.0028901734104,-0.0028901734104
600703.XSHG,2018-04-18 10:30:00,Death,60m,0.0727101038716,0.0396600566572,0.0316336166195,-0.0226628895184,-0.0878186968839
002028.XSHE,2018-04-18 14:00:00,Gold,60m,0.00593824228029,0.00712589073634,0.0219714964371,0.0225653206651,0.0403800475059
600703.XSHG,2018-04-18 15:00:00,Gold,60m,0.0013507429086,-0.0441242683476,-0.051778478163,-0.127870328681,-0.146330481765
002466.XSHE,2018-04-19 10:30:00,BottomDivergence,60m,-0.00153168677006,0.000765843385028,0.0455676814092,0.0181887803944,-0.00497798200268
002466.XSHE,2018-04-19 10:30:00,Gold,60m,-0.00153168677006,0.000765843385028,0.0455676814092,0.0181887803944,-0.00497798200268
601398.XSHG,2018-04-19 10:30:00,Gold,60m,-0.0140845070423,0.0193661971831,0.0105633802817,0.0,-0.00528169014084
002415.XSHE,2018-04-19 11:30:00,Gold,60m,-0.00776397515528,-0.00336438923395,0.00646997929607,-0.0188923395445,-0.0178571428571
000651.XSHE,2018-04-19 11:30:00,Gold,60m,0.018235793045,0.0392281594572,0.0564037319763,-0.0339270568278,-0.050042408821
000006.XSHE,2018-04-19 14:00:00,Gold,60m,-0.0173661360347,-0.0332850940666,-0.00144717800289,-0.0289435600579,-0.0173661360347
000006.XSHE,2018-04-20 10:30:00,Death,60m,-0.0203784570597,-0.00582241630277,-0.0101892285298,-0.0203784570597,-0.00291120815138
002236.XSHE,2018-04-20 10:30:00,BottomDivergence,60m,-0.013751611517,0.0120326600774,-0.0399656209712,-0.04555221315,-0.0339492909325
002236.XSHE,2018-04-20 10:30:00,Gold,60m,-0.013751611517,0.0120326600774,-0.0399656209712,-0.04555221315,-0.0339492909325
600703.XSHG,2018-04-20 15:00:00,Death,60m,0.0178991992463,-0.00800753650495,-0.106924163919,-0.0942063118229,-0.0386245878474
000006.XSHE,2018-04-24 14:00:00,Gold,60m,-0.0198863636364,-0.046875,-0.0269886363636,-0.0170454545455,-0.0142045454545
600703.XSHG,2018-04-24 15:00:00,BottomDivergence,60m,-0.0802469135802,-0.0997150997151,-0.0308641975309,-0.022792022792,-0.0280151946819
600703.XSHG,2018-04-24 15:00:00,Gold,60m,-0.0802469135802,-0.0997150997151,-0.0308641975309,-0.022792022792,-0.0280151946819
600703.XSHG,2018-04-25 10:30:00,Death,60m,-0.0666666666667,-0.0917874396135,-0.00289855072464,0.000966183574879,-0.0048309178744
600085.XSHG,2018-04-25 11:30:00,Gold,60m,0.000585480093677,0.0278103044496,0.0275175644028,0.0541569086651,0.065281030445
601398.XSHG,2018-04-25 15:00:00,Death,60m,0.0,0.0122807017544,-0.00350877192982,-0.00877192982456,0.0122807017544
000651.XSHE,2018-04-26 10:30:00,Death,60m,-0.0313371968234,-0.0360592401803,-0.00837089504185,-0.00536595836016,0.0296200901481
002236.XSHE,2018-04-26 11:30:00,Death,60m,-0.0169870362092,0.00581135449262,0.0621367903442,0.0639248994189,0.0840411265087
002415.XSHE,2018-04-26 14:00:00,Death,60m,0.0141333333333,0.0282666666667,0.0333333333333,0.0354666666667,0.0466666666667
000006.XSHE,2018-04-26 15:00:00,Death,60m,0.0162721893491,0.00887573964497,0.0473372781065,0.0562130177515,0.0576923076923
002466.XSHE,2018-04-26 15:00:00,Death,60m,-0.00132625994695,-0.0323986358469,0.0365668813945,0.0738916256158,0.0799545282304
000006.XSHE,2018-05-02 10:30:00,Gold,60m,0.0029197080292,0.0189781021898,0.0700729927007,0.0452554744526,0.0481751824818
002236.XSHE,2018-05-02 11:30:00,BottomDivergence,60m,0.0315555555556,0.056,0.0777777777778,0.0586666666667,0.0533333333333
002236.XSHE,2018-05-02 11:30:00,Gold,60m,0.0315555555556,0.056,0.0777777777778,0.0586666666667,0.0533333333333
002415.XSHE,2018-05-02 11:30:00,BottomDivergence,60m,0.00103519668737,0.00854037267081,0.0178571428571,0.0119047619048,0.023033126294
002415.XSHE,2018-05-02 11:30:00,Gold,60m,0.00103519668737,0.00854037267081,0.0178571428571,0.0119047619048,0.023033126294
601398.XSHG,2018-05-02 11:30:00,Gold,60m,-0.00174520069808,-0.0104712041885,0.00698080279232,-0.00174520069808,0.0
600703.XSHG,2018-05-02 14:00:00,Gold,60m,0.0429944360142,0.0369246332828,0.0606980273141,0.051593323217,0.0424886191199
601398.XSHG,2018-05-03 10:30:00,Death,60m,-0.00701754385965,-0.00175438596491,0.00701754385965,0.00701754385965,0.0210526315789
002028.XSHE,2018-05-03 10:30:00,Death,60m,0.0034188034188,0.0626780626781,0.0894586894587,0.104843304843,0.101424501425
000651.XSHE,2018-05-03 15:00:00,BottomDivergence,60m,-0.012441012441,0.025311025311,0.0306735306735,0.027456027456,0.0371085371085
000651.XSHE,2018-05-03 15:00:00,Gold,60m,-0.012441012441,0.025311025311,0.0306735306735,0.027456027456,0.0371085371085
002466.XSHE,2018-05-04 10:30:00,Gold,60m,0.0341832963784,0.0558019216556,0.0837028824834,0.108832224686,0.147819660015
002028.XSHE,2018-05-07 10:30:00,Gold,60m,0.0235924932976,0.0252010723861,0.0364611260054,0.0155495978552,0.0316353887399
601398.XSHG,2018-05-08 10:30:00,Gold,60m,-0.00692041522491,-0.00692041522491,0.0121107266436,0.00519031141869,-0.00173010380623
002236.XSHE,2018-05-09 15:00:00,Death,60m,0.00995850622407,0.0244813278008,0.0580912863071,0.0323651452282,0.0294605809129
000006.XSHE,2018-05-10 10:30:00,Death,60m,0.00557103064067,-0.00139275766017,0.016713091922,0.0139275766017,0.0125348189415
600703.XSHG,2018-05-10 11:30:00,Death,60m,0.00689655172414,0.0477832512315,0.0778325123153,0.0472906403941,0.0266009852217
000006.XSHE,2018-05-10 14:00:00,Gold,60m,-0.00953678474114,-0.0340599455041,-0.0177111716621,-0.00681198910082,-0.00681198910082
002028.XSHE,2018-05-10 15:00:00,Death,60m,-0.0103626943005,-0.00621761658031,0.00569948186528,0.0155440414508,-0.00673575129534
600085.XSHG,2018-05-11 10:30:00,Death,60m,-0.00107009095773,0.0342429106474,0.0644729802033,0.0588550026752,0.0762439807384
002236.XSHE,2018-05-11 11:30:00,Gold,60m,0.0165562913907,0.0198675496689,0.0326986754967,0.028559602649,0.0753311258278
002236.XSHE,2018-05-11 14:00:00,Death,60m,0.0182800166182,0.0261736601579,0.0411300373909,0.035313668467,0.0747818861654
000651.XSHE,2018-05-11 14:00:00,Death,60m,0.0227368421053,0.0176842105263,0.00526315789474,0.016,0.00926315789474
600703.XSHG,2018-05-14 10:30:00,Gold,60m,-0.00699953336444,0.0256649556696,-0.0298646756883,0.0233317778815,0.0261315912273
000006.XSHE,2018-05-14 10:30:00,Death,60m,-0.00278940027894,0.0181311018131,0.0139470013947,0.0264993026499,0.00976290097629
002236.XSHE,2018-05-14 10:30:00,Gold,60m,-0.0149858242203,0.0263264479546,0.0016200891049,0.0473876063183,0.0405022276225
000651.XSHE,2018-05-14 11:30:00,Gold,60m,-0.00701320132013,-0.00866336633663,-0.012995049505,-0.0115511551155,-0.042904290429
002466.XSHE,2018-05-15 10:30:00,Death,60m,0.0439302481556,0.0320254862508,0.0114017437961,-0.0211267605634,-0.0184439973172
000651.XSHE,2018-05-15 11:30:00,Death,60m,-0.00166181969256,-0.00623182384711,-0.00457000415455,-0.0361445783133,-0.0388450353137
600085.XSHG,2018-05-15 14:00:00,Gold,60m,0.00222937825118,-0.0195689868714,-0.00743126083726,0.00247708694575,-0.00941293039386
601398.XSHG,2018-05-16 10:30:00,Death,60m,-0.00693240901213,-0.0051993067591,-0.0121317157712,-0.0242634315425,-0.0381282495667
002415.XSHE,2018-05-16 15:00:00,Death,60m,-0.00542673902319,0.0249136655155,0.016033547114,-0.0106068080908,-0.0431672422299
000006.XSHE,2018-05-17 10:30:00,Gold,60m,-0.00137362637363,0.010989010989,-0.010989010989,-0.0151098901099,-0.0151098901099
600703.XSHG,2018-05-17 14:00:00,Death,60m,-0.000473036896878,0.038789025544,0.0127719962157,-0.00473036896878,-0.0146641438032
600085.XSHG,2018-05-17 14:00:00,Death,60m,0.0229914098029,0.0123799898939,0.0103587670541,0.0,0.0315816068722
002236.XSHE,2018-05-17 15:00:00,Death,60m,0.037081821846,0.037484885127,0.0133010882709,-0.0120918984281,-0.0141072148327
002028.XSHE,2018-05-17 15:00:00,Gold,60m,-0.0219387755102,-0.0214285714286,-0.0484693877551,-0.0459183673469,-0.0540816326531
000006.XSHE,2018-05-18 11:30:00,Death,60m,0.0123966942149,-0.0110192837466,-0.0123966942149,-0.00550964187328,-0.0330578512397
002028.XSHE,2018-05-18 11:30:00,Death,60m,0.00570243649559,-0.0207361327112,-0.0145152928979,-0.0362882322447,-0.0456194919647
000006.XSHE,2018-05-21 10:30:00,Gold,60m,-0.0163043478261,-0.0217391304348,-0.0258152173913,-0.0366847826087,-0.0652173913043
601398.XSHG,2018-05-21 10:30:00,Gold,60m,-0.0172413793103,-0.0293103448276,-0.0448275862069,-0.0448275862069,-0.0706896551724
600703.XSHG,2018-05-21 11:30:00,Gold,60m,-0.00593065693431,-0.0200729927007,-0.0629562043796,-0.055200729927,-0.0574817518248
002236.XSHE,2018-05-21 11:30:00,Gold,60m,-0.00615858352579,0.00615858352579,-0.0654349499615,-0.0638953040801,-0.0458044649731
002415.XSHE,2018-05-21 14:00:00,Gold,60m,0.00216919739696,-0.0202458423717,-0.0679681851048,-0.0677271631718,-0.0684502289708
002415.XSHE,2018-05-21 15:00:00,Death,60m,0.00145878920496,-0.0247994164843,-0.0590809628009,-0.0498419645028,-0.0780452224654
000006.XSHE,2018-05-22 10:30:00,Death,60m,-0.00552486187845,-0.00966850828729,-0.0207182320442,-0.0497237569061,-0.0828729281768
601398.XSHG,2018-05-22 10:30:00,Death,60m,-0.0122807017544,-0.0263157894737,-0.0280701754386,-0.0543859649123,-0.0456140350877
002415.XSHE,2018-05-22 11:30:00,Death,60m,-0.0185497470489,-0.0378222115153,-0.0681763430499,-0.060949168875,-0.0727535533606
002415.XSHE,2018-05-22 14:00:00,Gold,60m,-0.0223665223665,-0.040885040885,-0.0697450697451,-0.0704665704666,-0.0892255892256
002415.XSHE,2018-05-23 10:30:00,Death,60m,-0.0255164034022,-0.0510328068044,-0.0490886998785,-0.0707168894289,-0.0408262454435
600703.XSHG,2018-05-23 11:30:00,Death,60m,-0.0190875232775,-0.0437616387337,-0.0381750465549,-0.078677839851,-0.0451582867784
600085.XSHG,2018-05-23 11:30:00,Gold,60m,-0.0204584668474,0.00394380083806,0.0317968942568,-0.0256347054474,-0.00616218880947
600085.XSHG,2018-05-23 14:00:00,Death,60m,-0.0102525631408,0.0210052513128,-0.00800200050013,-0.029007251813,0.00400100025006
002236.XSHE,2018-05-24 10:30:00,Death,60m,-0.0238473767886,-0.0230524642289,-0.0461049284579,-0.0397456279809,-0.050079491256
000651.XSHE,2018-05-28 10:30:00,Gold,60m,-0.0141297366731,-0.0312566902162,-0.00235495611218,0.0233354742025,0.0357525155213
600085.XSHG,2018-05-28 11:30:00,Gold,60m,-0.00640873486826,-0.0617137431759,-0.1053880845,-0.0951815808213,-0.0742938523617
002466.XSHE,2018-05-29 11:30:00,Gold,60m,-0.028413028413,-0.116250866251,-0.163894663895,-0.135481635482,-0.134615384615
600085.XSHG,2018-05-29 15:00:00,Death,60m,0.0146567240936,0.0203137053227,0.0017999485729,0.00128567755207,-0.0154281306248
002466.XSHE,2018-05-30 10:30:00,Death,60m,-0.119395017794,-0.135409252669,-0.0889679715302,-0.116370106762,-0.122241992883
000651.XSHE,2018-05-30 10:30:00,Death,60m,0.035138121547,0.0298342541436,0.0691712707182,0.0700552486188,0.0689502762431
601398.XSHG,2018-05-30 14:00:00,Gold,60m,0.00556586270872,0.00371057513915,0.012987012987,0.00556586270872,0.0111317254174
601398.XSHG,2018-05-30 15:00:00,Death,60m,0.00371747211896,0.0130111524164,0.0092936802974,0.0167286245353,-0.00185873605948
002415.XSHE,2018-05-31 10:30:00,Gold,60m,-0.0149480618191,-0.0126678489992,0.00734735241956,0.00532049657968,-0.00430706865974
000651.XSHE,2018-05-31 10:30:00,Gold,60m,-0.00512382578992,0.0204953031597,0.033731853117,0.0326643894108,0.0243381725021
601398.XSHG,2018-05-31 11:30:00,Gold,60m,-0.00184501845018,0.00922509225092,0.0,0.00369003690037,-0.0147601476015
600703.XSHG,2018-05-31 14:00:00,Gold,60m,-0.01317715959,-0.0258662762323,0.0366032210835,0.041971693509,0.0361151781357
002236.XSHE,2018-05-31 15:00:00,Gold,60m,-0.028087567121,-0.00247831474597,-0.00908715406857,0.00826104915324,0.0119785212722
002028.XSHE,2018-05-31 15:00:00,Gold,60m,-0.0153761669412,-0.0164744645799,-0.0263591433278,-0.0307523338825,-0.0477759472817
000006.XSHE,2018-06-01 10:30:00,Gold,60m,-0.00148588410104,-0.00297176820208,0.00148588410104,-0.0118870728083,-0.00445765230312
600703.XSHG,2018-06-01 11:30:00,Death,60m,0.0100654252642,0.0558631102164,0.0795168595873,0.0674383492703,0.0281831907398
002236.XSHE,2018-06-01 14:00:00,Death,60m,-0.0198395947657,0.0299704516674,0.0130856901646,0.0130856901646,0.0265934993668
600703.XSHG,2018-06-01 15:00:00,Gold,60m,0.01592039801,0.065671641791,0.0621890547264,0.0333333333333,0.00945273631841
002236.XSHE,2018-06-05 11:30:00,Gold,60m,-0.00535420098847,-0.00741350906096,0.00823723228995,0.000823723228995,-0.0292421746293
600085.XSHG,2018-06-05 14:00:00,Gold,60m,-0.00357416390094,-0.029359203472,-0.0525912688282,-0.0301250957365,-0.0331886647945
002028.XSHE,2018-06-07 11:30:00,Death,60m,-0.00395480225989,-0.019209039548,-0.0158192090395,-0.0248587570621,-0.0514124293785
600085.XSHG,2018-06-07 14:00:00,Death,60m,0.0026301946344,-0.0239347711731,-0.0039452919516,-0.0178853235139,-0.0431351920042
000651.XSHE,2018-06-07 14:00:00,Death,60m,0.00354314297624,0.0197999166319,0.0393914130888,0.0197999166319,0.0210504376824
002415.XSHE,2018-06-08 11:30:00,Death,60m,-0.00230828417543,0.00179533213645,-0.0112849448577,-0.0179533213645,-0.031290074378
601398.XSHG,2018-06-08 11:30:00,Death,60m,-0.00374531835206,0.00187265917603,0.00374531835206,0.0262172284644,0.0224719101124
000006.XSHE,2018-06-08 14:00:00,Death,60m,0.00301659125189,0.00904977375566,0.0150829562594,0.0105580693816,-0.0920060331825
600703.XSHG,2018-06-11 10:30:00,Death,60m,-0.00535279805353,-0.0160583941606,-0.0637469586375,-0.0710462287105,-0.0710462287105
000006.XSHE,2018-06-11 10:30:00,Gold,60m,-0.0044776119403,0.00746268656716,-0.00298507462687,-0.0880597014925,-0.122388059701
000651.XSHE,2018-06-11 11:30:00,Gold,60m,0.028209321341,0.0247342600164,-0.00163532297629,-0.022690106296,-0.0192150449714
000006.XSHE,2018-06-12 10:30:00,Death,60m,0.0119940029985,0.0164917541229,-0.0839580209895,-0.11844077961,-0.100449775112
000006.XSHE,2018-06-12 11:30:00,Gold,60m,0.0134932533733,0.0104947526237,-0.0899550224888,-0.0914542728636,-0.095952023988
002028.XSHE,2018-06-12 14:00:00,BottomDivergence,60m,-0.00854700854701,-0.014245014245,-0.134472934473,-0.11396011396,-0.0683760683761
002028.XSHE,2018-06-12 14:00:00,Gold,60m,-0.00854700854701,-0.014245014245,-0.134472934473,-0.11396011396,-0.0683760683761
600085.XSHG,2018-06-12 14:00:00,Gold,60m,-0.00315872598052,-0.0171097657278,-0.0392208475915,-0.0257962621743,-0.0284285338247
002415.XSHE,2018-06-12 15:00:00,Gold,60m,0.00463201235203,-0.00772002058672,-0.033710756562,-0.0262480699949,-0.0483787956768
601398.XSHG,2018-06-12 15:00:00,Gold,60m,0.00187969924812,0.0225563909774,0.0225563909774,0.0300751879699,0.0131578947368
002415.XSHE,2018-06-13 10:30:00,Death,60m,-0.0084789311408,-0.0128468653649,-0.039825282631,-0.0480472764645,-0.044964028777
002236.XSHE,2018-06-13 11:30:00,Death,60m,-0.0195163343233,-0.0411540093339,-0.0674586338566,-0.0844293593551,-0.0704285108188
601398.XSHG,2018-06-13 11:30:00,Death,60m,0.00941619585687,0.0320150659134,0.0263653483992,0.0320150659134,0.0188323917137
601398.XSHG,2018-06-13 15:00:00,Gold,60m,0.0206378986867,0.0225140712946,0.0281425891182,0.0112570356473,0.0112570356473
000651.XSHE,2018-06-14 10:30:00,Death,60m,0.00574005740057,-0.0336203362034,-0.0120951209512,-0.0272652726527,-0.00307503075031
600085.XSHG,2018-06-14 15:00:00,Death,60m,-0.00711938663746,-0.00602409638554,0.0101314348302,0.0145125958379,-0.00328587075575
002028.XSHE,2018-06-15 10:30:00,Death,60m,-0.0444711538462,-0.0679086538462,-0.015625,-0.00841346153846,-0.0456730769231
000006.XSHE,2018-06-15 15:00:00,Death,60m,-0.0414673046252,-0.0255183413078,-0.0398724082935,-0.0701754385965,-0.0510366826156
600703.XSHG,2018-06-20 14:00:00,Gold,60m,-0.0426195426195,-0.0379417879418,-0.0509355509356,-0.0608108108108,-0.0644490644491
600085.XSHG,2018-06-20 14:00:00,BottomDivergence,60m,-0.00270197243988,0.000270197243988,-0.0186436098352,-0.0572818157255,-0.0753850310727
600085.XSHG,2018-06-20 14:00:00,Gold,60m,-0.00270197243988,0.000270197243988,-0.0186436098352,-0.0572818157255,-0.0753850310727
002415.XSHE,2018-06-21 10:30:00,BottomDivergence,60m,0.00323886639676,0.0107962213225,0.0080971659919,-0.0199730094467,-0.021322537112
002415.XSHE,2018-06-21 10:30:00,Gold,60m,0.00323886639676,0.0107962213225,0.0080971659919,-0.0199730094467,-0.021322537112
002415.XSHE,2018-06-21 11:30:00,Death,60m,0.00488466757123,0.00651289009498,-0.000542740841248,-0.0162822252374,-0.00352781546811
600703.XSHG,2018-06-21 14:00:00,Death,60m,0.00488599348534,-0.0222584147666,-0.0190010857763,-0.0228013029316,0.042888165038
002028.XSHE,2018-06-21 14:00:00,Gold,60m,0.0146788990826,-0.0152905198777,-0.0385321100917,-0.0519877675841,0.0281345565749
002236.XSHE,2018-06-21 15:00:00,Gold,60m,0.0477072718851,0.032885595183,0.00185270958777,0.0106530801297,0.0602130616026
601398.XSHG,2018-06-22 10:30:00,Death,60m,-0.0110497237569,-0.0441988950276,-0.0699815837937,-0.0699815837937,-0.0810313075506
000006.XSHE,2018-06-22 15:00:00,Gold,60m,-0.031561461794,-0.0116279069767,-0.0431893687708,-0.0382059800664,-0.0747508305648
002415.XSHE,2018-06-22 15:00:00,Gold,60m,-0.0149413020277,0.008537886873,-0.0314834578442,-0.00586979722519,-0.0373532550694
002466.XSHE,2018-06-25 10:30:00,Gold,60m,-0.030078125,-0.0365234375,-0.0458984375,-0.0478515625,-0.093359375
000651.XSHE,2018-06-25 10:30:00,Gold,60m,-0.0292000822538,-0.0433888546165,-0.047912811022,-0.0530536705737,-0.100143944067
600703.XSHG,2018-06-25 11:30:00,Gold,60m,0.00825991189427,-0.011563876652,0.0545154185022,0.0319383259912,0.0220264317181
600703.XSHG,2018-06-25 14:00:00,Death,60m,0.0138811771238,0.00333148250972,0.0666296501943,0.0383120488617,0.0516379789006
000651.XSHE,2018-06-26 10:30:00,Death,60m,-0.0146155475535,-0.0321965685236,-0.0245710654522,-0.0730777377674,-0.0747722940055
600085.XSHG,2018-06-26 11:30:00,Death,60m,-0.0404624277457,-0.0531241398293,-0.0429397192403,-0.0660611065235,-0.0655105973025
600703.XSHG,2018-06-26 14:00:00,Gold,60m,-0.0104052573932,-0.0142387732749,0.0240963855422,0.0372398685652,0.0
002028.XSHE,2018-06-27 11:30:00,Death,60m,-0.021711366539,0.0542784163474,0.0491698595147,0.0312899106003,0.0204342273308
002236.XSHE,2018-06-27 15:00:00,Death,60m,0.00878409616274,0.0582524271845,-0.00924641701341,-0.0605640314378,-0.165048543689
002415.XSHE,2018-06-28 10:30:00,Death,60m,-0.0013770311209,0.0195538419168,-0.0393830900578,-0.0760121178739,-0.109060864776
002028.XSHE,2018-06-29 11:30:00,BottomDivergence,60m,-0.0260448213204,-0.00484554815263,-0.0321017565112,-0.030890369473,-0.0218049666869
002028.XSHE,2018-06-29 11:30:00,Gold,60m,-0.0260448213204,-0.00484554815263,-0.0321017565112,-0.030890369473,-0.0218049666869
002236.XSHE,2018-06-29 14:00:00,BottomDivergence,60m,-0.01685891748,-0.0221827861579,-0.130878438332,-0.2107364685,-0.173025732032
002236.XSHE,2018-06-29 14:00:00,Gold,60m,-0.01685891748,-0.0221827861579,-0.130878438332,-0.2107364685,-0.173025732032
000651.XSHE,2018-06-29 14:00:00,Gold,60m,-0.0371549893843,-0.0530785562633,-0.0783439490446,-0.0615711252654,-0.0229299363057
002415.XSHE,2018-06-29 15:00:00,BottomDivergence,60m,-0.0316693505099,-0.06038647343,-0.113258185722,-0.0869565217391,-0.0397208803006
002415.XSHE,2018-06-29 15:00:00,Gold,60m,-0.0316693505099,-0.06038647343,-0.113258185722,-0.0869565217391,-0.0397208803006
601398.XSHG,2018-06-29 15:00:00,Gold,60m,-0.0278884462151,-0.0159362549801,-0.00597609561753,0.0378486055777,0.0537848605578
600085.XSHG,2018-07-02 10:30:00,Gold,60m,-0.0641242937853,-0.0494350282486,-0.0564971751412,-0.0254237288136,-0.019209039548
601398.XSHG,2018-07-02 14:00:00,Death,60m,0.0102669404517,0.0143737166324,0.041067761807,0.0862422997947,0.0862422997947
000006.XSHE,2018-07-02 15:00:00,Death,60m,0.016157989228,-0.00897666068223,-0.0287253141831,-0.0215439856373,-0.0305206463196
600085.XSHG,2018-07-03 10:30:00,Death,60m,0.0156957440386,-0.00362209477815,0.0413522487172,0.0479927558104,0.0419559311802
000651.XSHE,2018-07-03 10:30:00,Death,60m,-0.0018281535649,0.00091407678245,0.0402193784278,0.0482175502742,0.0351919561243
002466.XSHE,2018-07-03 11:30:00,Death,60m,-0.0141112047178,-0.0212721145746,0.00905644481887,0.0153748946925,0.026748104465
002236.XSHE,2018-07-03 11:30:00,Death,60m,-0.0472512494321,-0.112221717401,-0.164925034075,-0.0935938209905,-0.116310767833
002415.XSHE,2018-07-03 11:30:00,Death,60m,-0.0242857142857,-0.0534285714286,-0.00371428571429,0.00771428571429,-0.00171428571429
000006.XSHE,2018-07-03 15:00:00,Gold,60m,-0.0247349823322,-0.0600706713781,-0.0371024734982,-0.0459363957597,-0.0388692579505
601398.XSHG,2018-07-04 10:30:00,Gold,60m,0.00404858299595,0.0121457489879,0.0708502024291,0.0607287449393,0.0931174089069
600703.XSHG,2018-07-04 11:30:00,Death,60m,-0.00706137968495,0.0461705594785,0.0521455730581,0.0239000543183,0.0793047256926
002028.XSHE,2018-07-05 11:30:00,Death,60m,0.00125156445557,0.0106382978723,-0.0125156445557,0.0244055068836,0.023153942428
000006.XSHE,2018-07-05 14:00:00,Death,60m,-0.00744878957169,0.00931098696462,-0.0111731843575,0.0186219739292,0.0279329608939
600085.XSHG,2018-07-05 15:00:00,BottomDivergence,60m,0.0248279988035,0.0427759497457,0.0541429853425,0.0759796589889,0.0690996111277
600085.XSHG,2018-07-05 15:00:00,Gold,60m,0.0248279988035,0.0427759497457,0.0541429853425,0.0759796589889,0.0690996111277
002466.XSHE,2018-07-06 10:30:00,Gold,60m,0.0217021276596,0.0346808510638,0.0723404255319,0.0648936170213,0.0587234042553
600703.XSHG,2018-07-06 11:30:00,Gold,60m,0.00778816199377,0.00571131879543,0.0316718587747,0.0394600207684,0.0379023883697
000651.XSHE,2018-07-06 11:30:00,Gold,60m,0.0314889788574,0.0206927575349,0.0452091767881,0.0436347278453,0.0391363022942
002415.XSHE,2018-07-09 11:30:00,Gold,60m,0.0114711786636,0.00200745626613,0.0556352165185,0.0467450530542,0.0209349010611
002028.XSHE,2018-07-09 11:30:00,Gold,60m,-0.00866873065015,-0.0229102167183,0.0123839009288,0.00804953560372,-0.00990712074303
000006.XSHE,2018-07-09 14:00:00,Gold,60m,0.0110701107011,-0.020295202952,0.0184501845018,0.0184501845018,0.0147601476015
002236.XSHE,2018-07-10 10:30:00,Gold,60m,0.00306591722023,0.0337250894226,0.0112416964742,-0.030148185999,-0.0117526826776
002028.XSHE,2018-07-11 10:30:00,Death,60m,0.0296529968454,0.0309148264984,0.00946372239748,0.0220820189274,0.017665615142
600703.XSHG,2018-07-11 14:00:00,Death,60m,0.0371922472499,0.0487166055526,0.0707176532216,0.0780513357779,0.0728129910948
002028.XSHE,2018-07-12 10:30:00,Gold,60m,0.00122549019608,-0.0030637254902,-0.00735294117647,-0.0116421568627,-0.0165441176471
600703.XSHG,2018-07-12 11:30:00,Gold,60m,0.00754906894816,0.00603925515853,0.0463009562154,0.0362355309512,0.0281831907398
601398.XSHG,2018-07-16 10:30:00,Death,60m,-0.00761904761905,0.00571428571429,-0.00952380952381,0.0647619047619,0.0704761904762
002466.XSHE,2018-07-16 11:30:00,Death,60m,0.0180344478217,0.0320162107396,0.0184397163121,0.0117527862209,0.035663627153
002236.XSHE,2018-07-17 10:30:00,Death,60m,0.0189673340358,0.0595363540569,0.0742887249737,0.107481559536,0.0785036880927
002415.XSHE,2018-07-17 10:30:00,Death,60m,0.0204539086579,0.0277388624265,0.0215746707761,0.0274586718969,0.00924628747548
002028.XSHE,2018-07-17 10:30:00,Death,60m,0.0125,0.008125,0.01,0.026875,0.025
000651.XSHE,2018-07-17 10:30:00,Death,60m,0.0,-0.0118655240606,-0.0333992529114,0.00153812348934,-0.0105471324984
600085.XSHG,2018-07-17 11:30:00,Death,60m,0.00482132728304,0.00141803743619,-0.0343165059558,-0.0181508791832,-0.017867271696
002466.XSHE,2018-07-17 15:00:00,Gold,60m,-0.0381782945736,-0.031007751938,-0.00135658914729,-0.0246124031008,-0.0841085271318
002466.XSHE,2018-07-19 10:30:00,Death,60m,0.0010111223458,0.0111223458038,0.0141557128413,-0.0461071789687,-0.0489383215369
002236.XSHE,2018-07-19 10:30:00,Gold,60m,-0.0243659870711,0.0139234211835,0.0179015415216,0.0248632521134,-0.0288413724515
600703.XSHG,2018-07-19 11:30:00,Death,60m,-0.00777076250607,-0.0165128703254,-0.00339970859641,-0.0252549781447,-0.0335114133074
000006.XSHE,2018-07-19 11:30:00,Death,60m,0.0184501845018,0.0313653136531,0.0664206642066,0.0774907749077,0.132841328413
002415.XSHE,2018-07-19 15:00:00,Gold,60m,0.00109259765092,-0.00163889647637,-0.0169352635892,-0.0450696531002,-0.045342802513
002415.XSHE,2018-07-20 11:30:00,Death,60m,-0.0205017534394,-0.0110601564608,-0.044240625843,-0.0582681413542,-0.0860534124629
002415.XSHE,2018-07-20 14:00:00,Gold,60m,-0.00595882990249,0.000541711809317,-0.0419826652221,-0.0539003250271,-0.0742145178765
601398.XSHG,2018-07-20 14:00:00,BottomDivergence,60m,0.0274725274725,0.0274725274725,0.018315018315,0.014652014652,0.0238095238095
601398.XSHG,2018-07-20 14:00:00,Gold,60m,0.0274725274725,0.0274725274725,0.018315018315,0.014652014652,0.0238095238095
000006.XSHE,2018-07-20 15:00:00,Gold,60m,0.0436363636364,0.0563636363636,0.0690909090909,0.0909090909091,0.0654545454545
002028.XSHE,2018-07-20 15:00:00,Gold,60m,0.0123456790123,0.00802469135802,0.0148148148148,0.0,-0.0104938271605
002415.XSHE,2018-07-23 11:30:00,Death,60m,0.00963921784632,-0.0145965298816,-0.0385568713853,-0.0669237124759,-0.0570090884054
002466.XSHE,2018-07-24 10:30:00,Gold,60m,-0.0191668296499,-0.0774496381772,-0.086446313319,-0.0905534911011,-0.0797965969098
000651.XSHE,2018-07-24 10:30:00,Gold,60m,-0.0120666959193,-0.017770952172,-0.0353225098728,-0.0326897762176,-0.0403685827117
600703.XSHG,2018-07-24 15:00:00,Gold,60m,-0.0102639296188,-0.0263929618768,-0.0738025415445,-0.0483870967742,-0.0928641251222
600703.XSHG,2018-07-25 10:30:00,Death,60m,-0.0229044834308,-0.0272904483431,-0.0745614035088,-0.0614035087719,-0.103313840156
002466.XSHE,2018-07-25 11:30:00,Death,60m,-0.0460726608484,-0.0444489547392,-0.0614978688857,-0.0558148975036,-0.10899127258
002236.XSHE,2018-07-25 14:00:00,Death,60m,-0.0217286335104,-0.0526315789474,-0.0936745533559,-0.124577498793,-0.180106228875
601398.XSHG,2018-07-26 10:30:00,Death,60m,0.00180505415162,0.00902527075812,0.014440433213,-0.0180505415162,-0.00541516245487
600085.XSHG,2018-07-26 14:00:00,BottomDivergence,60m,-0.00955690703736,-0.0321459600348,-0.0318563567912,-0.0521285838401,-0.0865913698233
600085.XSHG,2018-07-26 14:00:00,Gold,60m,-0.00955690703736,-0.0321459600348,-0.0318563567912,-0.0521285838401,-0.0865913698233
000651.XSHE,2018-07-26 14:00:00,Death,60m,-0.00921141316558,-0.00763873286902,-0.032801617614,-0.0759379914626,-0.112334306897
600085.XSHG,2018-07-26 15:00:00,Death,60m,-0.0146284376829,-0.0210649502633,-0.0330602691633,-0.0538326506729,-0.0734347571679
002028.XSHE,2018-07-27 11:30:00,Death,60m,-0.0177478580171,-0.0238678090575,-0.0807833537332,-0.0832313341493,-0.100979192166
000006.XSHE,2018-07-31 10:30:00,Death,60m,-0.0153583617747,-0.0699658703072,-0.0733788395904,-0.0648464163823,-0.0563139931741
000651.XSHE,2018-07-31 15:00:00,BottomDivergence,60m,-0.0476839237057,-0.0917347865577,-0.109900090827,-0.0983197093551,-0.091961852861
000651.XSHE,2018-07-31 15:00:00,Gold,60m,-0.0476839237057,-0.0917347865577,-0.109900090827,-0.0983197093551,-0.091961852861
601398.XSHG,2018-08-01 10:30:00,Gold,60m,-0.0320284697509,-0.0195729537367,-0.0213523131673,-0.0124555160142,-0.0106761565836
002466.XSHE,2018-08-01 11:30:00,Gold,60m,-0.0563198624248,-0.0591143594153,-0.152622527945,-0.153052450559,-0.126397248495
601398.XSHG,2018-08-01 11:30:00,Death,60m,-0.0232558139535,-0.0161001788909,-0.00715563506261,-0.0107334525939,-0.0107334525939
000651.XSHE,2018-08-01 11:30:00,Death,60m,-0.05693868142,-0.0841401567543,-0.0749193176579,-0.092438911941,-0.0613185799908
600085.XSHG,2018-08-01 14:00:00,BottomDivergence,60m,-0.0209392760993,-0.0565360454681,-0.0457672749028,-0.0822614418187,-0.0622195632665
600085.XSHG,2018-08-01 14:00:00,Gold,60m,-0.0209392760993,-0.0565360454681,-0.0457672749028,-0.0822614418187,-0.0622195632665
002466.XSHE,2018-08-02 10:30:00,Death,60m,-0.00496838301716,-0.0957542908762,-0.0932700993677,-0.08288166215,-0.0910117434508
600085.XSHG,2018-08-02 10:30:00,Death,60m,-0.0201096892139,-0.0426569165143,-0.0414381474711,-0.0466179159049,-0.0271176112127
600703.XSHG,2018-08-07 11:30:00,Gold,60m,-0.011758118701,0.0442329227324,0.0106382978723,0.0162374020157,-0.020156774916
002236.XSHE,2018-08-07 14:00:00,BottomDivergence,60m,-0.0315855969678,0.0549589387239,0.0549589387239,0.0341124447252,-0.0056854074542
002236.XSHE,2018-08-07 14:00:00,Gold,60m,-0.0315855969678,0.0549589387239,0.0549589387239,0.0341124447252,-0.0056854074542
601398.XSHG,2018-08-07 14:00:00,Gold,60m,-0.0143112701252,-0.00357781753131,-0.0339892665474,-0.0375670840787,-0.0518783542039
000651.XSHE,2018-08-07 14:00:00,Gold,60m,-0.0296882731321,-0.00148441365661,-0.0012370113805,-0.0101434933201,-0.0363681345868
000006.XSHE,2018-08-07 15:00:00,BottomDivergence,60m,0.00180505415162,0.0451263537906,0.0180505415162,0.0162454873646,-0.014440433213
000006.XSHE,2018-08-07 15:00:00,Gold,60m,0.00180505415162,0.0451263537906,0.0180505415162,0.0162454873646,-0.014440433213
002415.XSHE,2018-08-07 15:00:00,Gold,60m,0.043853820598,0.0654485049834,0.0578073089701,0.0242524916944,0.0405315614618
002028.XSHE,2018-08-07 15:00:00,Gold,60m,-0.00544959128065,0.0197547683924,0.0258855585831,0.017029972752,0.000681198910082
600085.XSHG,2018-08-07 15:00:00,Gold,60m,-0.0135818066961,0.0145293746052,0.0142135186355,0.00126342387871,-0.0233733417562
002466.XSHE,2018-08-08 14:00:00,Gold,60m,0.0192210419828,0.0250379362671,0.0128983308042,-0.01239251391,-0.0369246332828
601398.XSHG,2018-08-09 10:30:00,Death,60m,-0.0107913669065,-0.0413669064748,-0.0413669064748,-0.0593525179856,-0.0503597122302
601398.XSHG,2018-08-09 11:30:00,Gold,60m,-0.00723327305606,-0.0253164556962,-0.0379746835443,-0.0488245931284,-0.0470162748644
601398.XSHG,2018-08-10 11:30:00,Death,60m,-0.0182149362477,-0.0255009107468,-0.0418943533698,-0.040072859745,-0.0327868852459
600703.XSHG,2018-08-15 10:30:00,Death,60m,-0.0265837104072,-0.0429864253394,-0.0735294117647,-0.108031674208,-0.122737556561
002415.XSHE,2018-08-15 10:30:00,Death,60m,0.0340383344349,0.0264375413087,0.0667547918044,0.0647719762062,0.0578321216127
000006.XSHE,2018-08-15 11:30:00,Death,60m,-0.00542495479204,-0.0126582278481,-0.00180831826401,-0.0180831826401,-0.00180831826401
002236.XSHE,2018-08-15 11:30:00,Death,60m,0.0184243964422,0.0190597204574,-0.0597204574333,-0.0495552731893,-0.0476493011436
000651.XSHE,2018-08-15 11:30:00,Death,60m,-0.00512689054089,-0.0182004614201,0.0194821840554,0.00589592412202,0.00974109202769
600085.XSHG,2018-08-15 14:00:00,Death,60m,0.00192926045016,-0.0260450160772,-0.0266881028939,-0.024115755627,-0.0192926045016
002466.XSHE,2018-08-16 10:30:00,Death,60m,0.00972660357518,0.00709779179811,0.0199789695058,0.0212933753943,0.0105152471083
002028.XSHE,2018-08-16 10:30:00,Death,60m,-0.00272108843537,0.0102040816327,-0.00204081632653,-0.00136054421769,0.0142857142857
002415.XSHE,2018-08-16 14:00:00,Gold,60m,-0.0122501611863,0.0177304964539,0.0390070921986,0.041586073501,0.0206318504191
002236.XSHE,2018-08-17 10:30:00,Gold,60m,-0.00985828712261,-0.0542205791744,-0.0825631546519,-0.0800985828712,-0.0141712877388
002415.XSHE,2018-08-17 14:00:00,Death,60m,0.0303524804178,0.0731070496084,0.0545039164491,0.0332898172324,0.0642950391645
601398.XSHG,2018-08-17 14:00:00,Gold,60m,0.0190476190476,0.0304761904762,0.0285714285714,0.0438095238095,0.0514285714286
002415.XSHE,2018-08-20 10:30:00,Gold,60m,0.0254129606099,0.0235069885642,0.00730622617535,0.0308132147395,0.0247776365947
002028.XSHE,2018-08-20 10:30:00,Gold,60m,0.0,-0.0121212121212,0.0040404040404,0.0107744107744,0.0114478114478
002466.XSHE,2018-08-20 11:30:00,Gold,60m,0.0309815152304,0.00494662848217,0.00494662848217,0.00676907055454,0.0179640718563
002236.XSHE,2018-08-20 15:00:00,Death,60m,0.0135685210312,0.0196743554953,0.0386702849389,0.121438263229,0.0705563093623
000006.XSHE,2018-08-21 10:30:00,BottomDivergence,60m,-0.0108303249097,-0.0126353790614,0.00902527075812,0.0162454873646,0.00361010830325
000006.XSHE,2018-08-21 10:30:00,Gold,60m,-0.0108303249097,-0.0126353790614,0.00902527075812,0.0162454873646,0.00361010830325
000651.XSHE,2018-08-21 10:30:00,Gold,60m,-0.00706713780919,-0.0217062089854,0.0199394245331,0.0232205956588,0.0307925290257
600085.XSHG,2018-08-21 15:00:00,BottomDivergence,60m,0.00954575378539,0.0243581303489,0.063857801185,0.0516787360105,0.050362080316
600085.XSHG,2018-08-21 15:00:00,Gold,60m,0.00954575378539,0.0243581303489,0.063857801185,0.0516787360105,0.050362080316
002028.XSHE,2018-08-22 14:00:00,Death,60m,0.00613496932515,0.011588275392,0.0259032038173,0.0122699386503,0.00204498977505
002028.XSHE,2018-08-23 10:30:00,Gold,60m,0.0156675749319,0.0224795640327,0.00885558583106,0.00408719346049,-0.0143051771117
600703.XSHG,2018-08-23 15:00:00,Gold,60m,0.0177777777778,0.0368253968254,0.0374603174603,0.0273015873016,-0.00634920634921
002236.XSHE,2018-08-23 15:00:00,BottomDivergence,60m,0.0275167785235,0.109395973154,0.0724832214765,0.051677852349,0.0436241610738
002236.XSHE,2018-08-23 15:00:00,Gold,60m,0.0275167785235,0.109395973154,0.0724832214765,0.051677852349,0.0436241610738
002415.XSHE,2018-08-24 10:30:00,Death,60m,0.0233364869126,0.0173446862189,-0.0122989593188,-0.0135603910438,-0.00662251655629
002466.XSHE,2018-08-24 15:00:00,Death,60m,0.0218593626547,0.0102712667896,-0.0208058993943,-0.0376613115618,-0.0542533579141
002466.XSHE,2018-08-27 14:00:00,Gold,60m,0.00644496004125,-0.014694508894,-0.0585202371745,-0.0538798659448,-0.0835266821346
002415.XSHE,2018-08-27 14:00:00,Gold,60m,-0.0134927936216,-0.00827966881325,-0.0380251456608,-0.0423183072677,-0.0229990800368
002415.XSHE,2018-08-28 14:00:00,Death,60m,0.0052844264843,-0.0220702517874,-0.029219769972,-0.00963630711843,0.00279763755051
601398.XSHG,2018-08-29 11:30:00,Death,60m,-0.0127970749543,-0.0054844606947,-0.0054844606947,-0.0164533820841,-0.0237659963437
002466.XSHE,2018-08-29 14:00:00,Death,60m,-0.010989010989,-0.0444793301936,-0.0698587127159,-0.0931449502878,-0.122710622711
002028.XSHE,2018-08-29 14:00:00,Death,60m,-0.010101010101,-0.0255892255892,-0.0228956228956,0.0754208754209,0.16228956229
000006.XSHE,2018-08-29 15:00:00,Death,60m,-0.0286738351254,-0.0376344086022,-0.0304659498208,-0.0394265232975,-0.0501792114695
600085.XSHG,2018-08-30 10:30:00,Death,60m,0.0104463437797,-0.00506489395378,-0.00126622348845,-0.0376701487813,-0.0373535929091
002236.XSHE,2018-08-30 14:00:00,Death,60m,-0.0189873417722,-0.0101265822785,0.053164556962,0.0379746835443,0.0221518987342
000651.XSHE,2018-08-30 14:00:00,Death,60m,-0.040866568193,-0.0529295913343,-0.0731166912851,-0.1011816839,-0.100443131462
600703.XSHG,2018-09-03 10:30:00,Death,60m,0.0146496815287,0.0433121019108,0.0101910828025,-0.0108280254777,-0.012101910828
002236.XSHE,2018-09-04 11:30:00,Gold,60m,0.0146074254413,0.00182592818016,-0.0407790626902,-0.0523432744979,-0.136335970785
600703.XSHG,2018-09-04 14:00:00,BottomDivergence,60m,-0.015216068168,-0.0255629945222,-0.0706025562995,-0.0620815581254,-0.0797321972002
600703.XSHG,2018-09-04 14:00:00,Gold,60m,-0.015216068168,-0.0255629945222,-0.0706025562995,-0.0620815581254,-0.0797321972002
002415.XSHE,2018-09-04 14:00:00,Gold,60m,0.0125549278092,-0.0172630257376,-0.0819209039548,-0.0803515379787,-0.162272441933
002028.XSHE,2018-09-04 15:00:00,Gold,60m,0.100187852223,0.0914214151534,0.00563556668754,0.0118973074515,-0.073262366938
000006.XSHE,2018-09-05 10:30:00,BottomDivergence,60m,-0.012962962963,-0.0351851851852,-0.0481481481481,-0.0537037037037,-0.0574074074074
000006.XSHE,2018-09-05 10:30:00,Gold,60m,-0.012962962963,-0.0351851851852,-0.0481481481481,-0.0537037037037,-0.0574074074074
000006.XSHE,2018-09-05 15:00:00,Death,60m,-0.0111940298507,-0.0279850746269,-0.044776119403,-0.0485074626866,-0.0466417910448
600703.XSHG,2018-09-06 15:00:00,Death,60m,-0.0382008626001,-0.0579174368453,-0.0597658656808,-0.0591497227357,-0.0733210104744
002415.XSHE,2018-09-06 15:00:00,Death,60m,-0.074542008844,-0.0748578648136,-0.143714466203,-0.121288692356,-0.12792166772
002236.XSHE,2018-09-07 14:00:00,Death,60m,-0.0383900928793,-0.0359133126935,-0.121362229102,-0.139318885449,-0.157275541796
002466.XSHE,2018-09-10 10:30:00,BottomDivergence,60m,-0.00975329890993,-0.00057372346529,0.0203671830178,-0.0304073436604,-0.0174985656913
002466.XSHE,2018-09-10 10:30:00,Gold,60m,-0.00975329890993,-0.00057372346529,0.0203671830178,-0.0304073436604,-0.0174985656913
601398.XSHG,2018-09-10 11:30:00,Gold,60m,-0.00558659217877,-0.0130353817505,-0.00186219739292,-0.00558659217877,-0.00558659217877
002028.XSHE,2018-09-10 14:00:00,Death,60m,-0.0248484848485,-0.069696969697,-0.217575757576,-0.24,-0.250909090909
000651.XSHE,2018-09-11 11:30:00,BottomDivergence,60m,-0.00773908236595,-0.00304035378662,0.0201768933112,0.00746268656716,0.0663349917081
000651.XSHE,2018-09-11 11:30:00,Gold,60m,-0.00773908236595,-0.00304035378662,0.0201768933112,0.00746268656716,0.0663349917081
601398.XSHG,2018-09-12 10:30:00,Death,60m,0.00377358490566,0.0132075471698,0.00566037735849,0.0245283018868,0.0339622641509
600085.XSHG,2018-09-12 15:00:00,BottomDivergence,60m,-0.00578428036747,0.00442327322218,0.0340251786322,0.0381082000681,0.0258591357605
600085.XSHG,2018-09-12 15:00:00,Gold,60m,-0.00578428036747,0.00442327322218,0.0340251786322,0.0381082000681,0.0258591357605
000006.XSHE,2018-09-13 10:30:00,Gold,60m,0.0098231827112,-0.0117878192534,0.0294695481336,0.206286836935,0.196463654224
600085.XSHG,2018-09-13 10:30:00,Death,60m,0.00823892893924,0.0151047030553,0.0442842430484,0.0442842430484,0.0435976656368
601398.XSHG,2018-09-13 14:00:00,Gold,60m,-0.00186219739292,-0.00931098696462,0.0111731843575,0.0204841713222,0.0670391061453
600703.XSHG,2018-09-14 10:30:00,BottomDivergence,60m,-0.0471512770138,-0.0294695481336,0.0124426981009,0.0275049115914,0.0386378519974
600703.XSHG,2018-09-14 10:30:00,Gold,60m,-0.0471512770138,-0.0294695481336,0.0124426981009,0.0275049115914,0.0386378519974
002415.XSHE,2018-09-14 11:30:00,Gold,60m,-0.0021528525296,-0.0294223179046,-0.0114818801579,0.0358808754934,0.0254754216003
600085.XSHG,2018-09-14 14:00:00,BottomDivergence,60m,0.0,0.0214358625383,0.030622660769,0.050697516162,0.0418509697176
600085.XSHG,2018-09-14 14:00:00,Gold,60m,0.0,0.0214358625383,0.030622660769,0.050697516162,0.0418509697176
600703.XSHG,2018-09-17 11:30:00,Death,60m,0.0182555780933,0.0649087221095,0.0730223123732,0.0757268424611,0.0980392156863
002466.XSHE,2018-09-17 11:30:00,Death,60m,0.0181445712613,0.0500438981563,0.166520339479,0.135206321335,0.132572431958
000006.XSHE,2018-09-17 15:00:00,Death,60m,0.0439121756487,0.137724550898,0.141716566866,0.13373253493,0.127744510978
002236.XSHE,2018-09-17 15:00:00,BottomDivergence,60m,0.0184229918939,0.0316875460575,0.0567428150332,0.066322770818,0.10243183493
002236.XSHE,2018-09-17 15:00:00,Gold,60m,0.0184229918939,0.0316875460575,0.0567428150332,0.066322770818,0.10243183493
002236.XSHE,2018-09-18 11:30:00,Death,60m,0.0385185185185,0.0303703703704,0.0592592592593,0.126666666667,0.0888888888889
601398.XSHG,2018-09-18 11:30:00,Death,60m,0.0168539325843,0.0262172284644,0.0580524344569,0.0749063670412,0.061797752809
600703.XSHG,2018-09-18 14:00:00,Gold,60m,0.0268676277851,0.0157273918742,0.0452162516383,0.0602883355177,0.0373525557012
000006.XSHE,2018-09-18 14:00:00,Gold,60m,0.100591715976,0.211045364892,0.118343195266,0.110453648915,0.114398422091
002236.XSHE,2018-09-18 14:00:00,Gold,60m,0.0123188405797,0.00434782608696,0.0355072463768,0.086231884058,0.0724637681159
601398.XSHG,2018-09-18 14:00:00,Gold,60m,0.0092936802974,0.0185873605948,0.0520446096654,0.0613382899628,0.0576208178439
002466.XSHE,2018-09-18 15:00:00,Gold,60m,0.0444130127298,0.0336633663366,0.0905233380481,0.115700141443,0.0622347949081
002028.XSHE,2018-09-19 11:30:00,Gold,60m,-0.0226917057903,-0.0250391236307,-0.018779342723,-0.0618153364632,-0.0539906103286
000006.XSHE,2018-09-25 14:00:00,Death,60m,-0.00705467372134,-0.00352733686067,-0.0828924162257,-0.0758377425044,-0.0793650793651
000651.XSHE,2018-09-27 10:30:00,Death,60m,0.0233502538071,-0.0296954314721,-0.0246192893401,-0.0616751269036,-0.0332487309645
601398.XSHG,2018-09-27 11:30:00,Death,60m,0.0141093474427,-0.0141093474427,-0.0282186948854,-0.047619047619,-0.0299823633157
600703.XSHG,2018-09-27 14:00:00,Death,60m,0.0328490208465,0.00126342387871,-0.0397978521794,-0.100442198358,-0.0903348073279
002466.XSHE,2018-09-27 14:00:00,Death,60m,-0.00886571056063,-0.0565840938722,-0.129856584094,-0.217209908735,-0.226075619296
002415.XSHE,2018-09-28 10:30:00,Death,60m,-0.0909090909091,-0.122499122499,-0.16497016497,-0.127062127062,-0.128817128817
600703.XSHG,2018-09-28 11:30:00,Gold,60m,-0.022113022113,-0.0436117936118,-0.128378378378,-0.115479115479,-0.108722358722
000651.XSHE,2018-09-28 11:30:00,Gold,60m,-0.0443668993021,-0.0321535393819,-0.0697906281157,-0.048853439681,-0.0456131605184
002236.XSHE,2018-10-08 10:30:00,Death,60m,-0.00448430493274,0.0067264573991,-0.0156950672646,-0.0216741405082,-0.0605381165919
600085.XSHG,2018-10-08 10:30:00,Death,60m,0.00721784776903,0.00984251968504,-0.0446194225722,-0.0147637795276,-0.0410104986877
000651.XSHE,2018-10-08 10:30:00,Death,60m,0.0180486528904,0.00523149359142,-0.00366204551399,0.000523149359142,0.00104629871828
600703.XSHG,2018-10-08 11:30:00,Death,60m,-0.0219849246231,-0.0402010050251,-0.0954773869347,-0.088567839196,-0.0948492462312
002028.XSHE,2018-10-11 11:30:00,Death,60m,-0.0406278855032,-0.0544783010157,-0.056325023084,-0.0747922437673,-0.0821791320406
002415.XSHE,2018-10-12 11:30:00,BottomDivergence,60m,-0.00926298832058,-0.0257752718486,-0.0144985904148,-0.0362464760371,0.00523560209424
002415.XSHE,2018-10-12 11:30:00,Gold,60m,-0.00926298832058,-0.0257752718486,-0.0144985904148,-0.0362464760371,0.00523560209424
002236.XSHE,2018-10-12 14:00:00,BottomDivergence,60m,-0.0280728376328,-0.0447647951442,-0.0766312594841,-0.0660091047041,-0.0235204855842
002236.XSHE,2018-10-12 14:00:00,Gold,60m,-0.0280728376328,-0.0447647951442,-0.0766312594841,-0.0660091047041,-0.0235204855842
000651.XSHE,2018-10-12 15:00:00,BottomDivergence,60m,0.0,-0.0103359173127,-0.0315245478036,0.0325581395349,0.0387596899225
000651.XSHE,2018-10-12 15:00:00,Gold,60m,0.0,-0.0103359173127,-0.0315245478036,0.0325581395349,0.0387596899225
601398.XSHG,2018-10-15 10:30:00,Gold,60m,0.00367647058824,0.00735294117647,-0.00919117647059,0.0404411764706,0.0165441176471
601398.XSHG,2018-10-15 11:30:00,Death,60m,0.003663003663,-0.00915750915751,0.0018315018315,0.0347985347985,0.010989010989
000006.XSHE,2018-10-15 14:00:00,Gold,60m,-0.0371134020619,-0.0247422680412,0.00412371134021,0.0453608247423,0.039175257732
601398.XSHG,2018-10-15 14:00:00,Gold,60m,0.00367647058824,0.0,0.00735294117647,0.0349264705882,0.00551470588235
600703.XSHG,2018-10-15 15:00:00,Gold,60m,0.000692520775623,-0.0865650969529,-0.0304709141274,-0.0193905817175,-0.0408587257618
002466.XSHE,2018-10-15 15:00:00,Gold,60m,-0.0193526860194,-0.049049049049,0.00333667000334,0.0113446780113,-0.005005005005
601398.XSHG,2018-10-15 15:00:00,Death,60m,0.00182149362477,-0.0200364298725,0.0218579234973,0.016393442623,0.00546448087432
601398.XSHG,2018-10-16 10:30:00,Gold,60m,0.003663003663,-0.0128205128205,0.03663003663,0.0128205128205,0.029304029304
002236.XSHE,2018-10-16 11:30:00,Death,60m,0.00715421303657,-0.0286168521463,0.0349761526232,-0.0627980922099,-0.0675675675676
002028.XSHE,2018-10-16 15:00:00,BottomDivergence,60m,-0.00596421471173,-0.0228628230616,0.0298210735586,0.0318091451292,0.013916500994
002028.XSHE,2018-10-16 15:00:00,Gold,60m,-0.00596421471173,-0.0228628230616,0.0298210735586,0.0318091451292,0.013916500994
600703.XSHG,2018-10-17 11:30:00,Death,60m,-0.0201492537313,-0.00298507462687,0.0470149253731,0.0186567164179,-0.0164179104478
300187.XSHE,2018-10-17 11:30:00,Gold,60m,-0.00594059405941,0.019801980198,0.0673267326733,0.0475247524752,0.0039603960396
002236.XSHE,2018-10-17 14:00:00,Gold,60m,-0.0387045813586,-0.0276461295419,-0.0513428120063,-0.0766192733017,-0.105845181675
002236.XSHE,2018-10-18 10:30:00,Death,60m,-0.0440097799511,0.0643846780766,-0.0277098614507,-0.0888345558272,-0.0717196414018
601398.XSHG,2018-10-18 10:30:00,Death,60m,0.0,0.0500927643785,0.0426716141002,0.0371057513915,0.0371057513915
000651.XSHE,2018-10-18 11:30:00,Death,60m,0.0274886575927,0.077395249533,0.0536429143315,0.0330931411796,0.0370963437417
002415.XSHE,2018-10-19 10:30:00,Death,60m,0.0878880629646,0.0332313073896,0.0118058592042,0.0594665500656,0.069960647136
600085.XSHG,2018-10-19 11:30:00,BottomDivergence,60m,0.0584938704028,0.0434325744308,0.0224168126095,0.0322241681261,-0.0178633975482
600085.XSHG,2018-10-19 11:30:00,Gold,60m,0.0584938704028,0.0434325744308,0.0224168126095,0.0322241681261,-0.0178633975482
601398.XSHG,2018-10-19 14:00:00,Gold,60m,0.0273722627737,-0.00182481751825,0.029197080292,0.0419708029197,0.0182481751825
000651.XSHE,2018-10-19 14:00:00,Gold,60m,0.0383121925964,0.0163085684701,0.0119078436448,0.00440072482527,-0.0582448873932
600703.XSHG,2018-10-19 15:00:00,Gold,60m,0.0114285714286,-0.0107142857143,-0.0442857142857,-0.04,-0.035
002236.XSHE,2018-10-19 15:00:00,Gold,60m,-0.0615141955836,-0.0772870662461,-0.0875394321767,-0.100157728707,-0.116719242902
002415.XSHE,2018-10-22 10:30:00,Gold,60m,-0.0502411575563,-0.0273311897106,-0.0261254019293,-0.0164790996785,-0.0357717041801
002236.XSHE,2018-10-23 14:00:00,Death,60m,-0.0266444629475,-0.0574521232306,-0.067443796836,-0.067443796836,-0.067443796836
002415.XSHE,2018-10-23 15:00:00,Death,60m,-0.0289065772937,0.0125680770842,0.00502723083368,0.00502723083368,0.00502723083368
002415.XSHE,2018-10-24 10:30:00,Gold,60m,-0.0438016528926,0.00123966942149,-0.00867768595041,-0.00867768595041,-0.00867768595041
600703.XSHG,2018-10-25 10:30:00,Death,60m,0.012213740458,0.0381679389313,0.0312977099237,0.0312977099237,0.0312977099237
002415.XSHE,2018-10-25 10:30:00,Death,60m,0.0471045808124,0.0574762316335,0.0367329299914,0.0367329299914,0.0367329299914
600085.XSHG,2018-10-25 10:30:00,Death,60m,0.0143835616438,-0.0297945205479,-0.0417808219178,-0.0417808219178,-0.0417808219178
000651.XSHE,2018-10-25 10:30:00,Death,60m,-0.00129466597618,-0.0476437079234,-0.0580010357328,-0.0580010357328,-0.0580010357328
000006.XSHE,2018-10-25 11:30:00,Death,60m,0.0282828282828,0.00606060606061,-0.0020202020202,-0.0020202020202,-0.0020202020202
002466.XSHE,2018-10-25 11:30:00,Death,60m,0.0247787610619,-0.0201769911504,-0.0254867256637,-0.0254867256637,-0.0254867256637
000006.XSHE,2018-10-26 10:30:00,Gold,60m,-0.0157790927022,-0.025641025641,-0.025641025641,-0.025641025641,-0.025641025641
002415.XSHE,2018-10-26 10:30:00,Gold,60m,0.00990507635163,-0.00990507635163,-0.00990507635163,-0.00990507635163,-0.00990507635163
600085.XSHG,2018-10-26 11:30:00,Gold,60m,-0.0485239226332,-0.050559891415,-0.050559891415,-0.050559891415,-0.050559891415
601398.XSHG,2018-10-26 14:00:00,Death,60m,-0.0227670753065,-0.0227670753065,-0.0227670753065,-0.0227670753065,-0.0227670753065
601398.XSHG,2018-10-26 15:00:00,Gold,60m,-0.00534759358289,-0.00534759358289,-0.00534759358289,-0.00534759358289,-0.00534759358289
000006.XSHE,2018-10-29 10:30:00,Death,60m,-0.0100200400802,-0.0100200400802,-0.0100200400802,-0.0100200400802,-0.0100200400802
002236.XSHE,2018-10-29 10:30:00,Gold,60m,-0.0132158590308,-0.0132158590308,-0.0132158590308,-0.0132158590308,-0.0132158590308
600085.XSHG,2018-10-29 10:30:00,Death,60m,-0.0123543946347,-0.0123543946347,-0.0123543946347,-0.0123543946347,-0.0123543946347
600703.XSHG,2018-10-29 11:30:00,Gold,60m,0.00595681310499,0.00595681310499,0.00595681310499,0.00595681310499,0.00595681310499
601398.XSHG,2018-10-29 11:30:00,Death,60m,0.00179533213645,0.00179533213645,0.00179533213645,0.00179533213645,0.00179533213645
